<?xml version="1.0" encoding="UTF-8"?>
<metadata xml:lang="en"><Esri><CreaDate>20190522</CreaDate><CreaTime>22494800</CreaTime><ArcGISFormat>1.0</ArcGISFormat><SyncOnce>TRUE</SyncOnce><DataProperties><lineage><Process ToolSource="c:\program files (x86)\arcgis\desktop10.5\ArcToolbox\Toolboxes\Data Management Tools.tbx\Project" Date="20171004" Time="124719">Project Caldera_Rims "C:\Users\Roser\Documents\Geology\Research\Space-Time Patterns\SpaceTimeProject.gdb\Caldera_equidistant\Caldera_rims_eq" PROJCS['USA_Contiguous_Equidistant_Conic',GEOGCS['GCS_North_American_1983',DATUM['D_North_American_1983',SPHEROID['GRS_1980',6378137.0,298.257222101]],PRIMEM['Greenwich',0.0],UNIT['Degree',0.0174532925199433]],PROJECTION['Equidistant_Conic'],PARAMETER['False_Easting',0.0],PARAMETER['False_Northing',0.0],PARAMETER['Central_Meridian',-96.0],PARAMETER['Standard_Parallel_1',33.0],PARAMETER['Standard_Parallel_2',45.0],PARAMETER['Latitude_Of_Origin',39.0],UNIT['Meter',1.0]] WGS_1984_(ITRF00)_To_NAD_1983 GEOGCS['GCS_WGS_1984',DATUM['D_WGS_1984',SPHEROID['WGS_1984',6378137.0,298.257223563]],PRIMEM['Greenwich',0.0],UNIT['Degree',0.0174532925199433]] NO_PRESERVE_SHAPE # NO_VERTICAL</Process><Process ToolSource="c:\program files (x86)\arcgis\desktop10.5\ArcToolbox\Toolboxes\Data Management Tools.tbx\CalculateField" Date="20180825" Time="115807">CalculateField "Caldera Rims" REFERENCE "Henry et al., 1997" VB #</Process><Process ToolSource="c:\program files (x86)\arcgis\desktop10.5\ArcToolbox\Toolboxes\Data Management Tools.tbx\CalculateField" Date="20180825" Time="115955">CalculateField "Caldera Rims" REFERENCE "Drew et al., 2013" VB #</Process><Process ToolSource="c:\program files (x86)\arcgis\desktop10.5\ArcToolbox\Toolboxes\Data Management Tools.tbx\CalculateField" Date="20180825" Time="120752">CalculateField "Caldera Rims" REFERENCE "Henry and John, 2013" VB #</Process><Process ToolSource="c:\program files (x86)\arcgis\desktop10.5\ArcToolbox\Toolboxes\Data Management Tools.tbx\CalculateField" Date="20180825" Time="120855">CalculateField "Caldera Rims" REFERENCE "Henry and John, 2013" VB #</Process><Process ToolSource="c:\program files (x86)\arcgis\desktop10.5\ArcToolbox\Toolboxes\Data Management Tools.tbx\CalculateField" Date="20180825" Time="121427">CalculateField "Caldera Rims" REFERENCE various VB #</Process><Process ToolSource="c:\program files (x86)\arcgis\desktop10.5\ArcToolbox\Toolboxes\Data Management Tools.tbx\CalculateField" Date="20180825" Time="121440">CalculateField "Caldera Rims" REFERENCE "various" VB #</Process><Process ToolSource="c:\program files (x86)\arcgis\desktop10.5\ArcToolbox\Toolboxes\Data Management Tools.tbx\CalculateField" Date="20181106" Time="132134">CalculateField "Caldera Rims" AGE_MA 76 VB #</Process><Process ToolSource="c:\program files (x86)\arcgis\desktop10.5\ArcToolbox\Toolboxes\Data Management Tools.tbx\CalculateField" Date="20181106" Time="150103">CalculateField Caldera_Rims_working_fall_2018 Mineralize "Yes, not caldera, but porphyry-skarn the NE (MRDS map)" VB #</Process><Process ToolSource="c:\program files (x86)\arcgis\desktop10.5\ArcToolbox\Toolboxes\Data Management Tools.tbx\CalculateField" Date="20181106" Time="150535">CalculateField Caldera_Rims_working_fall_2018 Mineralize "Yes, at least altered with a few deposits" VB #</Process><Process ToolSource="c:\program files (x86)\arcgis\desktop10.5\ArcToolbox\Toolboxes\Data Management Tools.tbx\CalculateField" Date="20181106" Time="151513">CalculateField Caldera_Rims_working_fall_2018 Mineralize "Yes, Mo-Ag-Au" VB #</Process><Process ToolSource="c:\program files (x86)\arcgis\desktop10.5\ArcToolbox\Toolboxes\Data Management Tools.tbx\CalculateField" Date="20181106" Time="151604">CalculateField Caldera_Rims_working_fall_2018 Mineralize "Yes, Mo-Ag" VB #</Process><Process ToolSource="c:\program files (x86)\arcgis\desktop10.5\ArcToolbox\Toolboxes\Data Management Tools.tbx\CalculateField" Date="20181106" Time="152703">CalculateField Caldera_Rims_working_fall_2018 Mineralize "Yes, New Arrowhead mine hosts Pb-Au-F in tuff" VB #</Process><Process ToolSource="c:\program files (x86)\arcgis\desktop10.5\ArcToolbox\Toolboxes\Data Management Tools.tbx\CalculateField" Date="20181107" Time="230210">CalculateField Caldera_Rims_working_fall_2018 AGE_MA 40 VB #</Process><Process ToolSource="c:\program files (x86)\arcgis\desktop10.5\ArcToolbox\Toolboxes\Data Management Tools.tbx\CalculateField" Date="20181107" Time="230313">CalculateField Caldera_Rims_working_fall_2018 COMMENT "minimum age.  max of 45 Ma" VB #</Process><Process ToolSource="c:\program files (x86)\arcgis\desktop10.5\ArcToolbox\Toolboxes\Data Management Tools.tbx\CalculateField" Date="20181112" Time="200002">CalculateField Caldera_Rims_working_fall_2018 NAME "Santa-Rosa Calico" VB #</Process><Process ToolSource="c:\program files (x86)\arcgis\desktop10.5\ArcToolbox\Toolboxes\Data Management Tools.tbx\CalculateField" Date="20181112" Time="200444">CalculateField Caldera_Rims_working_fall_2018 AGE_MA 16.5 VB #</Process><Process ToolSource="c:\program files (x86)\arcgis\desktop10.5\ArcToolbox\Toolboxes\Data Management Tools.tbx\CalculateField" Date="20181112" Time="200534">CalculateField Caldera_Rims_working_fall_2018 REFERENCE "Drew et al., 2013; Brueseke and Hart, 2009" VB #</Process><Process ToolSource="c:\program files (x86)\arcgis\desktop10.5\ArcToolbox\Toolboxes\Data Management Tools.tbx\CalculateField" Date="20181115" Time="174024">CalculateField Caldera_Rims_working_fall_2018 Mineralize "Yes, Ward Au mine cuts volcanic rocks" VB #</Process><Process ToolSource="c:\program files (x86)\arcgis\desktop10.5\ArcToolbox\Toolboxes\Data Management Tools.tbx\CalculateField" Date="20181115" Time="174358">CalculateField Caldera_Rims_working_fall_2018 Mineralize "Yes, Ledbetter Au cuts volcanic rx" VB #</Process><Process ToolSource="c:\program files (x86)\arcgis\desktop10.5\ArcToolbox\Toolboxes\Data Management Tools.tbx\CalculateField" Date="20190518" Time="154017">CalculateField Caldera_Rims_working_fall_2018 AGE_MA 34 VB #</Process></lineage></DataProperties></Esri></metadata>
